,plan,error,login,error_rate
0,Basic,2241,22366,0.10019672717517661
1,Free,2035,11232,0.18117877492877493
2,Pro,1301,25560,0.050899843505477306
