feature_name,total_uses,unique_users,adoption_rate
data_import,33023,2361,1.4849056603773585
dashboard_view,33014,2348,1.4767295597484276
report_export,19307,1097,0.689937106918239
custom_alerts,19012,1100,0.6918238993710691
advanced_filters,18994,1096,0.6893081761006289
api_integration,8091,377,0.2371069182389937
scheduled_reports,8048,374,0.23522012578616353
team_collaboration,7996,377,0.2371069182389937
