country,users,active,pro_users,active_rate,pro_rate
Chile,734,458,117,0.6239782016348774,0.15940054495912806
Mexico,518,319,70,0.6158301158301158,0.13513513513513514
Colombia,369,245,51,0.6639566395663956,0.13821138211382114
Argentina,333,212,56,0.6366366366366366,0.16816816816816818
Peru,184,115,31,0.625,0.16847826086956522
Brazil,177,120,29,0.6779661016949152,0.1638418079096045
Spain,117,72,15,0.6153846153846154,0.1282051282051282
USA,68,49,9,0.7205882352941176,0.1323529411764706
